Article_NO,Article_ID,Filename,Status,Retry_Count,Last_Updated
1,BSMA0001,[1] Joshi (2002) - How does context matter Examining the process and performance outcomes of work team heterogeneity.pdf,SUCCESS,0,
2,BSMA0002,[2] Aaronson et al. (2020) - The Long-Run Effects of the 1930s.pdf,SUCCESS,0,
3,BSMA0003,"[3] Abutabenjeh et al. (2024) - Collaboration, Organizational Capacity, and Sustainability.pdf",SUCCESS,0,
4,BSMA0004,[4] Acharya (2016) - Cooperative Strategy and Sources of Knowledge Integration.pdf,SUCCESS,0,
5,BSMA0005,[5] Adams (2019) - Social Work’s Role in Collaborative Community.pdf,PENDING,0,
6,BSMA0006,[6] Ahearne et al. (2005) - Antecedents and Consequences of Customer.pdf,PENDING,0,
7,BSMA0007,[7] Ahsan et al. (2010) - Incumbents Adaptation to Competence-Destroying Change.pdf,PENDING,0,
8,BSMA0008,[8] Akaho (2024) - Conceptualizing the adventure tourist as a cross-boundary learner.pdf,PENDING,0,
9,BSMA0009,[9] Akgün et al. (2008) - New product development team intelligence Antecedents and consequences.pdf,PENDING,0,
10,BSMA0010,[10] Akgün et al. (2012) - Antecedents and consequences of team sensemaking.pdf,PENDING,0,
11,BSMA0011,[11] Albert et al. (2014) - Influencing customer’s purchase intentions.pdf,PENDING,0,
12,BSMA0012,[12] Aldrich & Herker (1977) - Boundary Spanning Roles and Organization Structure.pdf,PENDING,0,
13,BSMA0013,[13] Allen et al. (2021) - Boundary Management and Work‐Nonwork Balance While Working from Home.pdf,PENDING,0,
14,BSMA0014,[14] Ambrose et al. (2014) - Boundary spanner multi-faceted role ambiguity and burnout An exploratory study.pdf,PENDING,0,
15,BSMA0015,[15] Amedore & Knoff (1993) - Boundary Spanning Activities and the Multidisciplinary Team Process.pdf,PENDING,0,
16,BSMA0016,[16] Anagnostopoulos & Begović (2026) - Unpacking the Harmonization of National Anti-Doping.pdf,PENDING,0,
17,BSMA0017,[17] Anaza et al. (2015) - Ethical climate and job satisfaction among organizational buyers an empirical study.pdf,PENDING,0,
18,BSMA0018,[18] Brodzinski et al. (1991) - Boundary spanning activity as a function of the small business owner's decision style.pdf,PENDING,0,
19,BSMA0019,[19] Ancona & Caldwell (1992) - Bridging the Boundary.pdf,PENDING,0,
20,BSMA0020,[20] Anders (2024) - Reconsidering performance management to support innovative changes in health care services.pdf,PENDING,0,
21,BSMA0021,[21] Andersen et al. (2013) - Spanning organizational boundaries to manage creative processes.pdf,PENDING,0,
22,BSMA0022,[22] King (1995) - Innovation from differentiation.pdf,PENDING,0,
23,BSMA0023,[23] Appiah (2024) - Does proactive boundary‐spanning search drive green innovation.pdf,PENDING,0,
24,BSMA0024,[24] Araújo-Pinzón et al. (2017) - Women and inter-organizational boundary spanning.pdf,PENDING,0,
25,BSMA0025,"[25] Arias & Bernal (2018) - Diversity, Innovation and Internationalization in Large and Medium-sized enterprises..pdf",PENDING,0,
26,BSMA0026,"[26] Arts & Veugelers (2020) - Taste for science, academic boundary spanning,.pdf",PENDING,0,
27,BSMA0027,[27] Asche et al. (2007) - Price transmission in cross boundary supply chains.pdf,PENDING,0,
28,BSMA0028,[28] Ashforth et al. (2000) - ALL IN A DAY'S WORK BOUNDARIES AND MICRO ROLE TRANSITIONS.pdf,PENDING,0,
29,BSMA0029,"[29] Ataburo et al. (2022) - Competitor actions, customer integration, and supply chain responsiveness.pdf",PENDING,0,
30,BSMA0030,[30] Au & Fukuda (2002) - Boundary spanning behaviors of expatriates.pdf,PENDING,0,
31,BSMA0031,[31] Awan et al. (2026) - Green Innovation and Low‐Carbon Operations.pdf,PENDING,0,
32,BSMA0032,[32] Beck (1990) - Management by rites.pdf,PENDING,0,
33,BSMA0033,[33] Bai & Li (2020) - Alliance justice and relational performance.pdf,PENDING,0,
34,BSMA0034,[34] Bailey (2000) - Modeling work group effectiveness in high-technology manufacturing environments.pdf,PENDING,0,
35,BSMA0035,[35] Baksa & Branyiczki (2023) - Invisible Foundations of Collaboration in the Workplace.pdf,PENDING,0,
36,BSMA0036,[36] Baldwin et al. (1997) - THE SOCIAL FABRIC OF A TEAM-BASED M.B.A..pdf,PENDING,0,
37,BSMA0037,[37] Ballou (2001) - Unresolved Issues in Supply Chain Network Design.pdf,PENDING,0,
38,BSMA0038,[38] Bao et al. (2021) - Examining the effects of governmental networking with environmental turbulence.pdf,PENDING,0,
39,BSMA0039,[39] Barcellini et al. (2008) - User and developer mediation in an Open Source Software community.pdf,PENDING,0,
40,BSMA0040,"[40] Barnabas & Mekoth (2010) - Autonomy, market orientation and performance in Indian retail banking.pdf",PENDING,0,
41,BSMA0041,[41] Barner-Rasmussen et al. (2014) - Cultural and language skills as resources for boundary spanning.pdf,PENDING,0,
42,BSMA0042,[42] Barner-Rasmussen and Mäkelä (2024) - Global boundary spanners.pdf,PENDING,0,
43,BSMA0043,[43] Barnes et al. (2015) - The impact of perceived customer delight on the frontline employee.pdf,PENDING,0,
44,BSMA0044,[44] Baroudi (1985) - The Impact of Role Variables on IS Personnel Work Attitudes and Intentions.pdf,PENDING,0,
45,BSMA0045,[45] Barrett & Oborn (2010) - Boundary object use in cross-cultural software development teams.pdf,PENDING,0,
46,BSMA0046,[46] Bartel (2001) - Social Comparisons in Boundary-Spanning Work.pdf,PENDING,0,
47,BSMA0047,"[47] Bartlett and McCambridge (2024) - Different Disciplines Have Different Perspectives,.pdf",PENDING,0,
48,BSMA0048,[48] Basov & Minina (2018) - Personal Communication Ties and Organizational Collaborations.pdf,PENDING,0,
49,BSMA0049,[49] Bayighomog & Araslı (2019) - Workplace spirituality.pdf,PENDING,0,
50,BSMA0050,[50] Beattie et al. (2014) - Boundary spanning and gatekeeping roles of UK audit committees.pdf,PENDING,0,
51,BSMA0051,[51] Bedi (2018) - A Contingency Approach to Proactiveness - Business Performance Relationship.pdf,PENDING,0,
52,BSMA0052,[52] Benoliel and Somech (2015) - The Role of Leader Boundary Activities in Enhancing.pdf,PENDING,0,
53,BSMA0053,[53] Bergami et al. (2021) - How and when Identification with a Boundary‐Spanning.pdf,PENDING,0,
54,BSMA0054,[54] Bettencourt and Brown (2003) - Role Stressors and Customer-Oriented Boundary-Spanning.pdf,PENDING,0,
55,BSMA0055,[55] Bettencourt et al. (2005) - Customer-oriented boundary-spanning behaviors.pdf,PENDING,0,
56,BSMA0056,[56] Beverungen et al. (2021) - Seven Paradoxes of Business Process Management.pdf,PENDING,0,
57,BSMA0057,[57] Biong and Selnes (1997) - The Strategic Role of the Salesperson in Established Buyer-Seller Relationships.pdf,PENDING,0,
58,BSMA0058,"[58] Biong and Ulvnes (2011) - If the Supplier's Human Capital Walks Away, Where Would the Customer Go.pdf",PENDING,0,
59,BSMA0059,"[59] Bishop and Gripaios (2010) - Spatial Externalities, Relatedness and Sector Employment Growth in Great Britain.pdf",PENDING,0,
60,BSMA0060,"[60] Bluedorn and Standifer (2003) - GROUPS, BOUNDARY SPANNING, AND THE TEMPORAL IMAGINATION.pdf",PENDING,0,
61,BSMA0061,[61] Bocken et al. (2025) - Innovating for impact Harnessing business model innovation to tackle grand challenges.pdf,PENDING,0,
62,BSMA0062,[62] Boesten et al. (2025) - A person-centered perspective on entrepreneurial success.pdf,PENDING,0,
63,BSMA0063,[63] Bogaerts et al. (2018) - Getting the Work-Nonwork Interface.pdf,PENDING,0,
64,BSMA0064,[64] Boon (2007) - Working within the front-of-houseback-of-house boundary.pdf,PENDING,0,
65,BSMA0065,[65] Brass (1984) - Being in the Right Place A Structural Analysis of Individual Influence in an Organization.pdf,PENDING,0,
66,BSMA0066,[66] Brion et al. (2012) - Project leaders as boundary spanners Relational antecedents and performance outcomes.pdf,PENDING,0,
67,BSMA0067,[67] Bursch et al. (2019) - Education Research - Evaluation of curriulum to teach.pdf,PENDING,0,
68,BSMA0068,[68] Byrd (2017) - Perceptions of Effective Organizational Leadership in American Fire and Emergency Services.pdf,PENDING,0,
69,BSMA0069,"[69] Ernst & Chrobot-Mason (2011) - Flat World, Hard Boundaries - How To Lead Across Them.pdf",PENDING,0,
70,BSMA0070,[70] Sexton (1995) - Dual commitment and boundary spanning activity of R&D professionals.pdf,PENDING,0,
71,BSMA0071,[71] Callen et al. (2010) - The Contextual Impact of Nonprofit Board Composition and Structure.pdf,PENDING,0,
72,BSMA0072,[72] Calloway et al. (1993) - Accuracy and reliability of self-reported data in interorganizational networks.pdf,PENDING,0,
73,BSMA0073,[73] Canning et al. (2022) - Managing the Offshoring of Audit Work Spanning the Boundaries.pdf,PENDING,0,
74,BSMA0074,[74] Carbonell and Rodriguez Escudero (2025) - Understanding the effect of boundary spanning activities.pdf,PENDING,0,
75,BSMA0075,[75] Carbonell and Rodriguez Escudero (2023) - Boosting the confidence of new product development teams.pdf,PENDING,0,
76,BSMA0076,[76] Carbonell and Rodríguez Escudero (2019) - The Dark Side of Team Social Cohesion in NPD.pdf,PENDING,0,
77,BSMA0077,[77] Carboni et al. (2020) - Invisible network drivers of women’s success.pdf,PENDING,0,
78,BSMA0078,[78] Carmeli and Azeroual (2009) - How relational capital and knowledge combination capability.pdf,PENDING,0,
79,BSMA0079,"[79] Carmeli and Freund (2003) - Work commitment, job satisfaction, and job performance.pdf",PENDING,0,
80,BSMA0080,[80] Carmeli and Tishler (2005) - Perceived Organizational Reputation and Organizational Performance.pdf,PENDING,0,
81,BSMA0081,[81] Carter et al. (2020) - Functional leadership in interteam contexts.pdf,PENDING,0,
82,BSMA0082,[82] Carter et al. (2021) - Intergroup leadership in multiteam systems.pdf,PENDING,0,
83,BSMA0083,[83] Carton and Ungureanu (2018) - Bridging the Research.pdf,PENDING,0,
84,BSMA0084,[84] Cassells (1999) - Building a learning organization in the offshore oil industry.pdf,PENDING,0,
85,BSMA0085,[85] Castellani et al. (2022) - Knowledge integration in multinational enterprises.pdf,PENDING,0,
86,BSMA0086,[86] Cataldo et al. (2008) - Socio-technical congruence.pdf,PENDING,0,
87,BSMA0087,[87] Chang and Cho (2008) - Organizational memory influences new product success.pdf,PENDING,0,
88,BSMA0088,[88] Chen et al. (2010) - The performance impact of post-M&A interdepartmental integration.pdf,PENDING,0,
89,BSMA0089,[89] Chen et al. (2026) - Synergy effects of digital transformation and overseas M&A integration.pdf,PENDING,0,
90,BSMA0090,[90] Chen (2022) - Driving lateral collaboration effectiveness across multinational enterprises.pdf,PENDING,0,
91,BSMA0091,[91] Wang et al. (2024) - Business process digitisation and firm innovation performance.pdf,PENDING,0,
92,BSMA0092,[92] Chen et al. (2020) - How Shared Leadership in Entrepreneurial Teams Influences New Venture Performance.pdf,PENDING,0,
93,BSMA0093,[93] Cherkaoui et al. (2024) - Changing Practices for an Innovative Care Pathway.pdf,PENDING,0,
94,BSMA0094,[94] Chien et al. (2021) - Hotel frontline service employees’ creativity and customer-oriented boundary-spanning.pdf,PENDING,0,
95,BSMA0095,[95] Chollet et al. (2012) - NPD Projects in Search of Top Management Support.pdf,PENDING,0,
96,BSMA0096,[96] Chu et al. (2018) - Marketing to Liminal Consumers.pdf,PENDING,0,
97,BSMA0097,[97] Fong (1995) - The effects of organizational characteristics on entry timing.pdf,PENDING,0,
98,BSMA0098,[98] Coetzee (2008) - Strategic Communication in Alliances.pdf,PENDING,0,
99,BSMA0099,[99] Cohen (2011) - BRIDGING THE GAP MANAGERS' EXTERNAL RELATIONSHIPS AND THEIR EFFECTS.pdf,PENDING,0,
100,BSMA0100,[100] Colazo (2016) - A COGNITIVE LOAD VIEW AND EMPIRICAL TEST OF COLLABORATION NETWORK.pdf,PENDING,0,
101,BSMA0101,[101] Colazo (2010) - COLLABORATION STRUCTURE AND PERFORMANCE IN NEW SOFTWARE DEVELOPMENT.pdf,PENDING,0,
102,BSMA0102,[102] Comacchio et al. (2012) - Boundary spanning between industry and university.pdf,PENDING,0,
103,BSMA0103,[103] Corsi et al. (2021) - Boundary spanning roles in cross‐border university‐industry collaboration.pdf,PENDING,0,
104,BSMA0104,[104] Cook (1999) - Production networks revisited.pdf,PENDING,0,
105,BSMA0105,[105] Cramm et al. (2013) - The role of partnership functioning and synergy.pdf,PENDING,0,
106,BSMA0106,[106] Crosno et al. (2009) - Half Full or Half Empty The Role of Optimism in Boundary-Spanning Positions.pdf,PENDING,0,
107,BSMA0107,[107] Cross and Swart (2021) - In a flash of time knowledge resources that enable professional cross-boundary work.pdf,PENDING,0,
108,BSMA0108,[108] Cui et al. (2018) - Explicating the relationship of entrepreneurial orientation and firm performance.pdf,PENDING,0,
109,BSMA0109,"[109] Cummings (2004) - Work Groups, Structural Diversity, and Knowledge Sharing in a Global Organization.pdf",PENDING,0,
110,BSMA0110,[110] Currie et al. (2008) - Accounting for the `dark side' of new organizational forms.pdf,PENDING,0,
111,BSMA0111,[111] Curseu and Pluut (2018) - A systematic investigation of absorptive capacity and external information search.pdf,PENDING,0,
112,BSMA0112,[112] Custodia De Oliveira (2023) - Telework during the Covid-19 pandemic and the work-nonwork conflict.pdf,PENDING,0,
113,BSMA0113,[113] Luvison and Bendixen (2010) - The Behavioral Consequences of Outsourcing.pdf,PENDING,0,
114,BSMA0114,[114] Dahiyat (2015) - An integrated model of knowledge acquisition and innovation.pdf,PENDING,0,
115,BSMA0115,"[115] Dahlander et al. (2016) - One foot in, one foot out how does individuals' external search breadth affect.pdf",PENDING,0,
116,BSMA0116,[116] Dailey and Morgan (1978) - PERSONAL CHARACTERISTICS AND JOB INVOLVEMENT AS ANTECEDENTS.pdf,PENDING,0,
117,BSMA0117,[117] Kerry (1998) - Determinants of Service Behaviour Among Customer Contact Personnel.pdf,PENDING,0,
118,BSMA0118,[118] Davison et al. (2012) - Coordinated action in multiteam systems..pdf,PENDING,0,
119,BSMA0119,[119] De Alwis et al. (2022) - “It is ok to be interrupted; it is my job” – perceptions on technology.pdf,PENDING,0,
120,BSMA0120,[120] De Jong et al. (2004) - Antecedents and Consequences of the Service Climate in Boundary-Spanning.pdf,PENDING,0,
121,BSMA0121,[121] De Regge et al. (2020) - The boundary-spanning behavior of nurses.pdf,PENDING,0,
122,BSMA0122,[122] De Vries et al. (2016) - Managing coordination in multiteam systems integrating micro and macro perspectives.pdf,PENDING,0,
123,BSMA0123,[123] De Vries et al. (2014) - Antecedents of Individuals' Interteam Coordination.pdf,PENDING,0,
124,BSMA0124,[124] Ancona (1989) - Beyond boundary spanning  managing external dependence in product development teams.pdf,PENDING,0,
125,BSMA0125,[125] Deeds & Hills (1998) - An Examination of Opportunistic Action Within Research Alliances.pdf,PENDING,0,
126,BSMA0126,[126] DelVecchio (1998) - The Quality of Salesperson-Manager Relationship.pdf,PENDING,0,
127,BSMA0127,[127] Deng and Chi (2015) - Knowledge boundary spanning and productivity in information systems.pdf,PENDING,0,
128,BSMA0128,[128] Denison (1996) - FROM CHIMNEYS TO CROSS-FUNCTIONAL TEAMS.pdf,PENDING,0,
129,BSMA0129,"[129] DeShon et al. (2004) - A Multiple-Goal, Multilevel Model of Feedback Effects.pdf",PENDING,0,
130,BSMA0130,[130] Caldwell & O'reilly (1982) - Boundary Spanning and IndividualPerformance The Impact ofSelf-Monitoring.pdf,PENDING,0,
131,BSMA0131,[131] Ancona (1990) - Outward Bound - Strategies for team survival in an organization.pdf,PENDING,0,
132,BSMA0132,[132] Diaz Ruiz and Makkar (2021) - Market bifurcations in board sports.pdf,PENDING,0,
133,BSMA0133,[133] Dillon (2002) - Boundary work American ethnographers as intercultural communicators in Japan.pdf,PENDING,0,
134,BSMA0134,[134] Dokko et al. (2014) - One of Us or One of My Friends.pdf,PENDING,0,
135,BSMA0135,[135] Dollinger (1984) - Environmental Boundary Spanning and Information Processing Effects.pdf,PENDING,0,
136,BSMA0136,[136] Dowrick et al. (2020) - Boundary spanners Negotiating connections.pdf,PENDING,0,
137,BSMA0137,[137] Brice (2023) - Working Across Silos to Bolster Organizational Effectiveness.pdf,PENDING,0,
138,BSMA0138,[138] Carter & DeChurch (2014) - Leadership in Multiteam Systems A Network Perspective.pdf,PENDING,0,
139,BSMA0139,[139] Drach-Zahavy (2011) - Interorganizational teams as boundary spanners.pdf,PENDING,0,
140,BSMA0140,[140] Duan et al. (2024) - Gender and cross‐boundary mobility preferences.pdf,PENDING,0,
141,BSMA0141,[141] Dumond (1994) - Making Best Use of Performance Measures and Information.pdf,PENDING,0,
142,BSMA0142,[142] Eckerd (2011) - An Examination of Firm-Level and Individual-Level Contracts in Buyer-Supplier Relationships.pdf,PENDING,0,
143,BSMA0143,[143] Edmondson (2003) - Speaking Up in the Operating Room.pdf,PENDING,0,
144,BSMA0144,[144] Edmondson and Matthews (2020) - Does Sleep Really Matter Examining Sleep among Salespeople.pdf,PENDING,0,
145,BSMA0145,[145] Ekezie et al. (2025) - Worker Displacement by Artificial Intelligence in Interorganizational Systems.pdf,PENDING,0,
146,BSMA0146,[146] Elango (2009) - Minimizing effects of ‘liability of foreignness’ Response.pdf,PENDING,0,
147,BSMA0147,[147] Ellinger (2000) - Improving MarketingLogistics Cross-Functional Collaboration in the Supply Chain.pdf,PENDING,0,
148,BSMA0148,[148] Eng and Ozdemir (2014) - International R&D partnerships and intrafirm R&D–marketing–production.pdf,PENDING,0,
149,BSMA0149,[149] Engen and Magnusson (2015) - Exploring the role of front-line employees as innovators.pdf,PENDING,0,
150,BSMA0150,[150] Estey et al. (2025) - Toward a typology of boundaries in crisis management.pdf,PENDING,0,
151,BSMA0151,[151] Fagundes and Gasparetto (2023) - Boundary spanners in inter-organizational relationships.pdf,PENDING,0,
152,BSMA0152,[152] Fan and Stevenson (2019) - Non-linear effects of relational capital on supply-side resilience.pdf,PENDING,0,
153,BSMA0153,[153] Fang et al. (2021) - An empirical study of the relationship between inclusive leadership and business model.pdf,PENDING,0,
154,BSMA0154,[154] Faraj and Yan (2009) - Boundary work in knowledge teams..pdf,PENDING,0,
155,BSMA0155,[155] Ferguson (2012) - When outsiders come in.pdf,PENDING,0,
156,BSMA0156,[156] Ferguson et al. (2019) - The Effects of Cohesion and Structural Position.pdf,PENDING,0,
157,BSMA0157,"[157] Firth et al. (2015) - Same Page, Different Books Extending Representational Gaps.pdf",PENDING,0,
158,BSMA0158,[158] Fleming et al. (2022) - Reducing Salesperson Turnover Intentions.pdf,PENDING,0,
159,BSMA0159,"[159] Fleming and Waguespack (2007) - Brokerage, Boundary Spanning, and Leadership.pdf",PENDING,0,
160,BSMA0160,[160] Florentin (2019) - From multi-utility to cross-utilities.pdf,PENDING,0,
161,BSMA0161,[161] Floyd and Wooldridge (1997) - Middle Management’s Strategic Influence and Organizational Performance.pdf,PENDING,0,
162,BSMA0162,[162] Ford et al. (2004) - Linking self‐assessment to the external environment An exploratory study.pdf,PENDING,0,
163,BSMA0163,[163] Friedman and Podolny (1992) - Differentiation of Boundary Spanning Roles Labor Negotiations.pdf,PENDING,0,
164,BSMA0164,[164] Fuller et al. (2012) - Acceptability of participatory social network analysis for problem-solving.pdf,PENDING,0,
165,BSMA0165,[165] Furusawa and Brewster (2015) - The bi-cultural option for global talent management.pdf,PENDING,0,
166,BSMA0166,[166] Furusawa and Brewster (2019) - The Determinants of the Boundary-spanning Functions of Japanese.pdf,PENDING,0,
167,BSMA0167,"[167] FusseU et al. (1998) - Coordination,Overloadand Team Performance Effects of Team CommunicationStrategies.pdf",PENDING,0,
168,BSMA0168,[168] Galaskiewicz and Wasserman (1989) - Mimetic Processes Within an Interorganizational Field.pdf,PENDING,0,
169,BSMA0169,[169] Gannon et al. (1992) - An organizational information-processing profile of first movers.pdf,PENDING,0,
170,BSMA0170,[170] Gao et al. (2022) - Impact of knowledge search on product and process innovation.pdf,PENDING,0,
171,BSMA0171,[171] Gardner et al. (2021) - Managing boundaries between work and non‐work domains.pdf,PENDING,0,
172,BSMA0172,[172] Garzella et al. (2021) - Business model innovation in SMEs the role of boundaries in the digital era.pdf,PENDING,0,
173,BSMA0173,"[173] Gasson (2005) - The Dynamics Of Sensemaking, Knowledge and Expertise in Collaborative, Boundary-Spanning Design.pdf",PENDING,0,
174,BSMA0174,[174] Gatignon (2022) - The double‐edged sword of boundary‐spanning Corporate Social Responsibility programs.pdf,PENDING,0,
175,BSMA0175,[175] GEHANl and Akron (2002) - EVOLVING LEADER-MEMBER EXCHANGE (LMX) THEORY.pdf,PENDING,0,
176,BSMA0176,[176] Geletkanycz and Hambrick (1997) - The External Ties of Top Executives.pdf,PENDING,0,
177,BSMA0177,[177] Geng et al. (2022) - Motivating R&D team creativity the social cognitive effect.pdf,PENDING,0,
178,BSMA0178,[178] Geoghegan and Dulewicz (2008) - Do Project Managers’ Leadership Competencies Contribute to Project Success.pdf,PENDING,0,
179,BSMA0179,[179] George and Hancer (2005) - Leader-Member Exchange Quality An Empirical Investigation in Restaurants.pdf,PENDING,0,
180,BSMA0180,[180] Gerli et al. (2015) - Boundaryless career and career success the impact of emotional and social competencies.pdf,PENDING,0,
181,BSMA0181,[181] Gerrish et al. (2019) - Learning from a clinical microsystems quality improvement initiative.pdf,PENDING,0,
182,BSMA0182,[182] Giamporcaro et al. (2023) - Deliberative Boundary Work for Sustainable Finance.pdf,PENDING,0,
183,BSMA0183,[183] Gibbs et al. (2023) - Examining how organizational continuities and discontinuities.pdf,PENDING,0,
184,BSMA0184,[184] Gibson and Dibble (2013) - Excess May Do Harm Investigating the Effect of Team External Environment.pdf,PENDING,0,
185,BSMA0185,[185] Gil-Garcia et al. (2016) - From bureaucratic machines to inter-organizational networks.pdf,PENDING,0,
186,BSMA0186,[186] Glaser et al. (2015) - Achieving strategic renewal the multi-level influences.pdf,PENDING,0,
187,BSMA0187,"[187] Glavin and Schieman (2010) - Interpersonal Context at Work and the Frequency, Appraisal, and Consequences.pdf",PENDING,0,
188,BSMA0188,[188] Golyagina and Valuckas (2020) - Boundary-work in management accounting The case of hybrid professionalism.pdf,PENDING,0,
189,BSMA0189,[189] Goode and Greatbatch (2005) - Boundary Work The production and consumption of health information.pdf,PENDING,0,
190,BSMA0190,[190] Gopal and Gosain (2010) - Research Note —The Role of Organizational Controls and Boundary Spanning.pdf,PENDING,0,
191,BSMA0191,[191] Gordon et al. (2006) - An Empirical Investigation of Innovation and Community Development.pdf,PENDING,0,
192,BSMA0192,[192] Graaf et al. (2017) - Supporting Evidence-Informed Practice in Human Service Organizations.pdf,PENDING,0,
193,BSMA0193,[193] Graça and Margarida Passos (2012) - The role of team leadership in Portuguese child protection teams.pdf,PENDING,0,
194,BSMA0194,[194] Grawe et al. (2015) - Enhancing Dyadic Performance Through Boundary Spanners and Innovation.pdf,PENDING,0,
195,BSMA0195,"[195] Griffin and Dunn (2004) - Corporate Public Affairs Commitment, Resources, and Structure.pdf",PENDING,0,
196,BSMA0196,[196] Grooms (2015) - Team Adaptation and Mindful Boundary Management.pdf,PENDING,0,
197,BSMA0197,[197] Grotto et al. (2022) - Switching Gears A Self-Regulatory Approach and Measure of Nonwork Role.pdf,PENDING,0,
198,BSMA0198,[198] Gruhn (1995) - Communication support in a process-centered software engineering environment.pdf,PENDING,0,
199,BSMA0199,[199] Gruner and Power (2023) - Conceptual wanderlust How to develop creative supply chain theory with analogies.pdf,PENDING,0,
200,BSMA0200,[200] Grunfeld and Earle (2010) - The Interface Between Primary and Oncology Specialty Care Treatment.pdf,PENDING,0,
201,BSMA0201,[201] Van der vegt & Bunderson (2005) - LEARNING AND PERFORMANCE IN MULTIDISCIPLINARY TEAMS.pdf,PENDING,0,
202,BSMA0202,[202] Gudena (2014) - Perspectives of innovation.pdf,PENDING,0,
203,BSMA0203,[203] Igbaria and Siegel (1992) - The reasons for turnover of information systems personnel.pdf,PENDING,0,
204,BSMA0204,[204] Guinan et al. (1998) - Enabling Software Development Team Performance During Requirements.pdf,PENDING,0,
205,BSMA0205,[205] Gulati and Westphal (1999) - Cooperative or Controlling The Effects of CEO-Board Relations and the Content.pdf,PENDING,0,
206,BSMA0206,[206] Gumusluoğlu and Ilsev (2009) - Transformational Leadership and Organizational Innovation.pdf,PENDING,0,
207,BSMA0207,[207] Guo et al. (2022) - When discretionary boundary spanning relationships cease becoming discretionary.pdf,PENDING,0,
208,BSMA0208,[208] Zhang et al. (2024) - The Double-Edged Sword Effect of Performance Pressure on Employee Boundary-Spanning.pdf,PENDING,0,
209,BSMA0209,"[209] Haas (2006) - Knowledge Gathering, Team Capabilities, and Project Performance in Challenging Work Environments.pdf",PENDING,0,
210,BSMA0210,[210] Haas (2010) - The Double-Edged Swords of Autonomy and External Knowledge Analyzing Team Effectiveness.pdf,PENDING,0,
211,BSMA0211,[211] Hallenbeck et al. (1999) - The Benefits of Multiple Boundary Spanning Roles in Purchasing.pdf,PENDING,0,
212,BSMA0212,[212] Han et al. (2017) - Innovation Through Boundary Spanning The Role of IT in Enabling Knowledge Flows.pdf,PENDING,0,
213,BSMA0213,[213] Hans et al. (2023) - Exploring the relationship between generational diversity and knowledge sharing.pdf,PENDING,0,
214,BSMA0214,[214] Hansen (1999) - The Search-Transfer Problem The Role of Weak Ties in Sharing Knowledge.pdf,PENDING,0,
215,BSMA0215,[215] Harter and Krone (2001) - The boundary-spanning role of a cooperative support organization.pdf,PENDING,0,
216,BSMA0216,[216] Harvey et al. (2014) - The Process of Team Boundary Spanning in Multi-Organizational Contexts.pdf,PENDING,0,
217,BSMA0217,[217] Hassan et al. (2011) - Team Learning and Its Impact on Marketing Team Performance An Empirical Study.pdf,PENDING,0,
218,BSMA0218,[218] Hausberg and Leeflang (2019) - ABSORBING INTEGRATION EMPIRICAL EVIDENCE.pdf,PENDING,0,
219,BSMA0219,[219] Hayward et al. (2022) - Identifying important persons in the promotion of positive behaviour support (PBS).pdf,PENDING,0,
220,BSMA0220,[220] Heavey and Simsek (2015) - Transactive Memory Systems and Firm Performance An Upper Echelons Perspective.pdf,PENDING,0,
221,BSMA0221,[221] Helmich (1980) - Board size variation and rates of succession in the corporate presidency.pdf,PENDING,0,
222,BSMA0222,[222] Higgs et al. (2023) - Change leadership and change embeddedness in public organizations.pdf,PENDING,0,
223,BSMA0223,[223] Hirst and Mann (2004) - A model of R&D leadership and team communication.pdf,PENDING,0,
224,BSMA0224,[224] Hislop et al. (2015) - Variability in the use of mobile ICTs by homeworkers and its consequences.pdf,PENDING,0,
225,BSMA0225,[225] Lalos (2024) - Interpreting Skilled Digital Freelancers as Boundary Spanners.pdf,PENDING,0,
226,BSMA0226,[226] Hoegl and Weinkauf (2005) - Managing Task Interdependencies in Multi‐Team Projects A Longitudinal Study.pdf,PENDING,0,
227,BSMA0227,"[227] Hoegl et al. (2004) - Interteam Coordination, Project Commitment, and Teamwork in Multiteam R&D Projects.pdf",PENDING,0,
228,BSMA0228,[228] Hoffmann et al. (2011) - The inimitable outsider contracting out public affairs from a consultant's perspective.pdf,PENDING,0,
229,BSMA0229,[229] Hoffmann-Longtin et al. (2022) - Fostering Interdisciplinary Boundary Spanning in Health Communication.pdf,PENDING,0,
230,BSMA0230,[230] Rudolph and Welker (1998) - The effects of organizational structure on communication within audit teams.pdf,PENDING,0,
231,BSMA0231,[231] Hrebiniak and Alutto (1973) - A Comparative Organizational Study of Performance and Size Correlates.pdf,PENDING,0,
232,BSMA0232,[232] Hsu Hua et al. (2013) - How does boundary-spanning search matter in Chinas new technology venture.pdf,PENDING,0,
233,BSMA0233,[233] Hsu et al. (2014) - Coping knowledge boundaries between information system and business disciplines.pdf,PENDING,0,
234,BSMA0234,[234] Hsu et al. (2007) - The Source of Innovation Boundary Spanner.pdf,PENDING,0,
235,BSMA0235,"[235] Hu et al. (2021) - Innovative search, capability reconfiguration and firm innovation performance.pdf",PENDING,0,
236,BSMA0236,[236] Huang et al. (2016) - An Investigation of Interpersonal Ties in Interorganizational Exchanges.pdf,PENDING,0,
237,BSMA0237,[237] Hubbert et al. (1995) - Service expectations the consumer versus the provider.pdf,PENDING,0,
238,BSMA0238,"[238] Huggins and Scheepers (2019) - An integration team’s diagnosing of context, spanning boundaries.pdf",PENDING,0,
239,BSMA0239,[239] Hult (2011) - Toward a theory of the boundary-spanning marketing organization.pdf,PENDING,0,
240,BSMA0240,[240] Hultink et al. (2011) - Market Information Processing in New Product Development.pdf,PENDING,0,
241,BSMA0241,[241] Hustoft et al. (2018) - Relational coordination in interprofessional teams and its effect.pdf,PENDING,0,
242,BSMA0242,[242] Hustoft et al. (2019) - The effect of team collaboration and continuity of care on health and disability.pdf,PENDING,0,
243,BSMA0243,[243] Hut and Molleman (1998) - Empowerment and team development.pdf,PENDING,0,
244,BSMA0244,"[244] Hyde (2021) - Self-Regulation of Boundaries for Thriving, Enrichment, and Balance.pdf",PENDING,0,
245,BSMA0245,[245] Igalla et al. (2020) - What explains the performance of community-based initiatives.pdf,PENDING,0,
246,BSMA0246,[246] Guimaraes and Igbaria (1992) - Determinants of Turnover Intentions Comparing IC and IS Personnel.pdf,PENDING,0,
247,BSMA0247,[247] Igbaria and Siegel (1993) - The career decision of information systems people.pdf,PENDING,0,
248,BSMA0248,[248] Ishikawa (2012) - Leadership and performance in Japanese R&D teams.pdf,PENDING,0,
249,BSMA0249,[249] Itani et al. (2020) - Social media and customer relationship management technologies.pdf,PENDING,0,
250,BSMA0250,[250] Ito (1986) - EFFECTS OF TASK DIFFICULTY AND INTERUNIT INTERDEPENDENCE.pdf,PENDING,0,
251,BSMA0251,[251] Burgi-Tian (2020) - For the Greater Good Network Citizenship Behavior and Innovative Behavior in American Local Government Leaders.PDF,PENDING,0,
252,BSMA0252,[252] Singh et al. (1994) - Behavioral anc Psychological Consequences of Boundary Spanning Burnout.pdf,PENDING,0,
253,BSMA0253,[253] Colazo (2007) - INNOVATION SUCCESS.pdf,PENDING,0,
254,BSMA0254,[254] Jackson et al. (1999) - Examining the Use of Team Selling by Manufacturers’ Representatives.pdf,PENDING,0,
255,BSMA0255,[255] Jain and Ramesh (2015) - The roles of contextual elements in post-merger common platform development.pdf,PENDING,0,
256,BSMA0256,[256] Janssen and Abbasiharofteh (2022) - Boundary spanning R&D collaboration.pdf,PENDING,0,
257,BSMA0257,"[257] Ubisch and Wang (2023) - Innovation on technological “islands” domain contrast, boundary spanning, knowledge.pdf",PENDING,0,
258,BSMA0258,[258] Brodzinski et al. (1990) - Boundary spanning activity as a function of the small business owner's decision style.pdf,PENDING,0,
259,BSMA0259,[259] Jemison (1984) - THE IMPORTANCE OF BOUNDARY SPANNING ROLES IN STRATEGIC DECISION‐MAKING [I].pdf,PENDING,0,
260,BSMA0260,[260] Jerrell (1984) - Boundary-spanning functions served by rural school psychologists.pdf,PENDING,0,
261,BSMA0261,[261] Jia et al. (2023) - From local to the whole understanding construction projects as multiteam systems.pdf,PENDING,0,
262,BSMA0262,[262] Zhao and Liu (2023) - The effect of decent work on employee boundary spanning behaviour.pdf,PENDING,0,
263,BSMA0263,[263] Zhang et al. (2023) - Does Team Boundary-Spanning Activities on Innovation Performance.pdf,PENDING,0,
264,BSMA0264,[264] Jiang et al. (2018) - DOES STRONGER R&D CAPABILITY ALWAYS PROMOTE BETTER INNOVATION.pdf,PENDING,0,
265,BSMA0265,[265] Jin et al. (2025) - Dual boundary-spanning search and open innovation in China.pdf,PENDING,0,
266,BSMA0266,[266] Jin (2010) - HOW DOES CREATIVITY OCCUR IN TEAMS AN EMPIRICAL TEST.pdf,PENDING,0,
267,BSMA0267,"[267] Baroudi (1984) - JOB SATISFACTION, COMMITMENT, AND TURNOVER AMONG INFORMATION SYSTEMS DEVELOPMENT PERSONNEL.pdf",PENDING,0,
268,BSMA0268,[268] Moldstad (2002) - Conflict management in the boundary spanning role A field study of project managers.pdf,PENDING,0,
269,BSMA0269,[269] Johlke et al. (2002) - Antecedents to boundary‐spanner perceived organizational support.pdf,PENDING,0,
270,BSMA0270,[270] Johnson et al. (2017) - “That was a good shift” Interprofessional collaboration and junior doctors’ learning.pdf,PENDING,0,
271,BSMA0271,"[271] Johnson and Chang (2000) - Internal and External Communication, Boundary Spanning, and Innovation.pdf",PENDING,0,
272,BSMA0272,[272] Johnson (2020) - Cross-functional Team Performance.pdf,PENDING,0,
273,BSMA0273,[273] Johnson & Johnston (2004) - Organisational knowledge creating processes and the.pdf,PENDING,0,
274,BSMA0274,[274] Jostell and Hemlin (2018) - After hours teleworking and boundary management Effects on work-family conflict.pdf,PENDING,0,
275,BSMA0275,[275] Judson et al. (2009) - KEY ACCOUNT VS. OTHER SALES MANAGEMENT SYSTEMS.pdf,PENDING,0,
276,BSMA0276,"[276] Liebeskind et al. (1996) - Social Networks, Learning and Flexibility.pdf",PENDING,0,
277,BSMA0277,[277] Jung and Yoon (2020) - Sexual harassment and customer-oriented boundary-spanning behaviors.pdf,PENDING,0,
278,BSMA0278,[278] Athuahene-Gima (2003) - The Effects of Centrifugal and Centripetal Forces on Product Development Speed and Quality.pdf,PENDING,0,
279,BSMA0279,"[279] Reinke & Gerlach (2021) - Linking Availability Expectations, Bidirectional Boundary Management Behavior and Preferences, and Employee Well‑Being.PDF",PENDING,0,
280,BSMA0280,[280] Kahn (2009) - Coordinating Cross-Boundary Performance at the FAA.pdf,PENDING,0,
281,BSMA0281,[281] Kaiji et al. (2022) - Team boundary-spanning activities and performance of technology transfer organizations.pdf,PENDING,0,
282,BSMA0282,[282] Kale et al. (2000) - Learning and protection of proprietary assets in strategic alliances building relational capital.pdf,PENDING,0,
283,BSMA0283,[283] Kang et al. (2025) - Exploring the impacts of leader anger expressions on employee boundary-spanning behavior.pdf,PENDING,0,
284,BSMA0284,[284] Kapelinsky and Shoshana (2019) - Complex Worker Self-Concept and Boundary-Work Among the Solo Self-Employed.pdf,PENDING,0,
285,BSMA0285,[285] Karayaz et al. (2011) - Designing Project Management Systems.pdf,PENDING,0,
286,BSMA0286,[286] Karimikia et al. (2022) - An emergent taxonomy of boundary spanning in the smart city context.pdf,PENDING,0,
287,BSMA0287,[287] Kashive et al. (2023) - Work from home understanding boundary management profiles using boundary-fit.pdf,PENDING,0,
288,BSMA0288,[288] Katz and Tushman (1981) - An investigation into the managerial roles and career paths of gatekeepers.pdf,PENDING,0,
289,BSMA0289,"[289] Katz (1979) - Communication patterns, project performance and task characteristics.pdf",PENDING,0,
290,BSMA0290,[290] Katz and Tushman (1983) - A Longitudinal Study of the Effects of Boundary Spanning Supervision.pdf,PENDING,0,
291,BSMA0291,[291] Kauffeld-Monz (2009) - Knowledge Spillovers Within Regional Networks of Innovation.pdf,PENDING,0,
292,BSMA0292,[292] Keller and Holland (1975) - Boundary-spanning activity and research and development management.pdf,PENDING,0,
293,BSMA0293,[293] Keller and Holland (1974) - BOUNDARY-SPANNING ROLES IN A RESEARCH AND DEVELOPMENT ORGANIZATION.pdf,PENDING,0,
294,BSMA0294,[294] Kellogg et al. (2006) - Life in the Trading Zone Structuring Coordination Across Boundaries.pdf,PENDING,0,
295,BSMA0295,[295] Kenda et al. (2024) - Single versus multiple project teams and individual performance.pdf,PENDING,0,
296,BSMA0296,[296] Keszey (2018) - Boundary spanners’ knowledge sharing for innovation success in turbulent times.pdf,PENDING,0,
297,BSMA0297,[297] Khalid et al. (2026) - From vision to export success examining how and when entrepreneurial leadership.pdf,PENDING,0,
298,BSMA0298,[298] Khalid et al. (2025) - B2B digital platform capability and sustainable positioning.pdf,PENDING,0,
299,BSMA0299,[299] Khandwalla (1988) - OB for Social Development A Position Paper.pdf,PENDING,0,
300,BSMA0300,[300] Kianto (2011) - Enabling innovation in knowledge worker teams.pdf,PENDING,0,
301,BSMA0301,[301] Kim et al. (2018) - How CSR impact meaning of work and dysfunctional customer behavior.pdf,PENDING,0,
302,BSMA0302,[302] Kim et al. (2022) - The paradox of building bridges.pdf,PENDING,0,
303,BSMA0303,[303] Kim and Kim (2023) - Employee goal orientation and knowledge sharing.pdf,PENDING,0,
304,BSMA0304,[304] Kim et al. (2022) - Leader boundary-spanning behavior and creative behavior the role of need for status.pdf,PENDING,0,
305,BSMA0305,[305] Kim et al. (2025) - Linking leader boundary spanning to task performance and its boundary conditions.pdf,PENDING,0,
306,BSMA0306,[306] Kim et al. (1999) - The roles of R&D team leaders in Korea a contingent approach.pdf,PENDING,0,
307,BSMA0307,[307] Kimble et al. (2010) - Innovation and knowledge sharing across professional boundaries.pdf,PENDING,0,
308,BSMA0308,[308] Kimura et al. (2018) - Work overload and intimidation The moderating role of resilience.pdf,PENDING,0,
309,BSMA0309,[309] Kinnunen et al. (2016) - The role of work–nonwork boundary management in work stress recovery..pdf,PENDING,0,
310,BSMA0310,"[310] Williams (2007) - MAINTAININGASTABLE,SAFE LEARNINGENVIRONMENT.pdf",PENDING,0,
311,BSMA0311,[311] Klijn et al. (2010) - THE IMPACT OF NETWORK MANAGEMENT ON OUTCOMES IN GOVERNANCE NETWORKS.pdf,PENDING,0,
312,BSMA0312,[312] Klueter and Monteiro (2017) - How Does Performance Feedback Affect Boundary Spanning.pdf,PENDING,0,
313,BSMA0313,[313] Knight et al. (2001) - COMPETENCE REQUIREMENTS FOR MANAGING SUPPLY IN INTERORGANIZATIONAL NETWORKS.pdf,PENDING,0,
314,BSMA0314,[314] Knipfer et al. (2018) - The Performance of Pre‐Founding Entrepreneurial Teams.pdf,PENDING,0,
315,BSMA0315,[315] Kondo (2018) - Retail corporate groups Challenges of omnichannel management in Japan.pdf,PENDING,0,
316,BSMA0316,[316] Korinek and Veit (2015) - ONLY GOOD FENCES KEEP GOOD NEIGHBOURS!.pdf,PENDING,0,
317,BSMA0317,[317] Kratzer et al. (2008) - The social structure of leadership and creativity in engineering design teams.pdf,PENDING,0,
318,BSMA0318,[318] Kruglianskas and Thamhain (2000) - Managing technology-based projects in multinational environments.pdf,PENDING,0,
319,BSMA0319,[319] Kumar et al. (2020) - Impact of buyer-supplier TMT misalignment on environmental performance.pdf,PENDING,0,
320,BSMA0320,[320] Kumar et al. (2022) - Impact of emotional labour on taking charge to predict employee’s creative and task.pdf,PENDING,0,
321,BSMA0321,[321] Kwak et al. (2020) - Do teams need both hands An analysis of team process ambidexterity.pdf,PENDING,0,
322,BSMA0322,[322] Kyriakopoulos (2011) - Improvisation in Product Innovation The Contingent Role of Market Information.pdf,PENDING,0,
323,BSMA0323,[323] Kyriakopoulos and De Ruyter (2004) - Knowledge Stocks and Information Flows in New Product Development.pdf,PENDING,0,
324,BSMA0324,[324] Lai and Katz (2016) - Volunteer associations in the Internet age Ecological approach.pdf,PENDING,0,
325,BSMA0325,[325] Lanaj and Hollenbeck (2015) - Leadership Over-Emergence in Self-Managing Teams.pdf,PENDING,0,
326,BSMA0326,[326] Lanaj et al. (2013) - The Double-Edged Sword of Decentralized Planning in Multiteam Systems.pdf,PENDING,0,
327,BSMA0327,[327] Lane et al. (2026) - Beyond feasibility filters How expertise heterogeneity enables innovation recognition.pdf,PENDING,0,
328,BSMA0328,[328] Langer and LeRoux (2017) - Developmental Culture and Effectiveness in Nonprofit Organizations.pdf,PENDING,0,
329,BSMA0329,[329] Langston et al. (2024) - Making Landscapes Negotiable Q-methodology as a Boundary-Spanning.pdf,PENDING,0,
330,BSMA0330,[330] Lazorchak and O'Neal (2001) - Department Store Apparel Buyers Relationships Among Environmental.pdf,PENDING,0,
331,BSMA0331,[331] Leuthesser (1991) - Boundary behavior and sellers' performance in business relationships.pdf,PENDING,0,
332,BSMA0332,[332] Lecluyse et al. (2023) - It is not because it is offered that it is used an investigation.pdf,PENDING,0,
333,BSMA0333,[333] Lee et al. (2017) - Setting a knowledge boundary across teams knowledge protection regulation.pdf,PENDING,0,
334,BSMA0334,"[334] Lee and Mathur (1997) - Formalization, Role Stress, Organizational Commitment, and Propensity-to-Leave.pdf",PENDING,0,
335,BSMA0335,[335] Lee and Han (2019) - The effects of relationship bonds on bank employees’ psychological responses.pdf,PENDING,0,
336,BSMA0336,[336] Lee and Yoo (2023) - How do customer-related characteristics influence frontline bank employees' boundary.pdf,PENDING,0,
337,BSMA0337,[337] Lee et al. (2011) - Boundary Spanning Role of the IS Development Team in Consultant-Partnered Projects.pdf,PENDING,0,
338,BSMA0338,[338] Lee and Sawang (2016) - Unpacking the impact of attachment to project teams on boundary-spanning behaviors.pdf,PENDING,0,
339,BSMA0339,[339] Lee et al. (2020) - Dissatisfied Creators Generating Creative Ideas Amid Negative Emotion in Health Care.pdf,PENDING,0,
340,BSMA0340,[340] Leenders and Voermans (2007) - Beating the odds in the innovation arena The role of market and technology.pdf,PENDING,0,
341,BSMA0341,[341] Lehrer and Celo (2017) - Boundary-spanning and boundary-buffering in global markets.pdf,PENDING,0,
342,BSMA0342,[342] Lei et al. (2024) - Shared Mental Models and Boundary Management Activities in New Product Development.pdf,PENDING,0,
343,BSMA0343,"[343] Leicht-Deobald and Lam (2016) - A Moderated Mediation Model of Team Boundary Activities, Team Emotional.pdf",PENDING,0,
344,BSMA0344,[344] Leicht‐Deobald et al. (2022) - Team boundary work and team workload demands Their interactive effect.pdf,PENDING,0,
345,BSMA0345,"[345] Leifer and Huber (1976) - Perceived Environmental Uncertainty, Organization Structure and BSB.pdf",PENDING,0,
346,BSMA0346,"[346] Leifer and Huber (1977) - Relations Among Perceived Environmental Uncertainty, Organization Structure, BSB.pdf",PENDING,0,
347,BSMA0347,[347] Leone et al. (2022) - Boundary spanning through external technology acquisition.pdf,PENDING,0,
348,BSMA0348,[348] Lewis et al. (2002) - Product Development Tensions.pdf,PENDING,0,
349,BSMA0349,[349] Li et al. (2022) - Applying Attachment Theory to Explain Boundary-spanning Behavior.pdf,PENDING,0,
350,BSMA0350,[350] Li and Du (2015) - Building a boundary-spanning service for coopetition.pdf,PENDING,0,
351,BSMA0351,[351] Li and Guo (2020) - Search within or beyond the industrial cluster.pdf,PENDING,0,
352,BSMA0352,[352] Li et al. (2024) - Impact of boundary-spanning search on firm innovation performance.pdf,PENDING,0,
353,BSMA0353,[353] Lievens and Moenaert (2000) - New Service Teams as Information-Processing Systems.pdf,PENDING,0,
354,BSMA0354,[354] Lifshitz-Assaf (2018) - Dismantling Knowledge Boundaries at NASA.pdf,PENDING,0,
355,BSMA0355,[355] Lin and Li (2013) - The Effect of Boundary-Spanning Search on Breakthrough Innovations.pdf,PENDING,0,
356,BSMA0356,[356] Liu (2023) - Influences of Inter-organisational Team Identification on Team Effectiveness and Logistics Outsourcing Performance.PDF,PENDING,0,
357,BSMA0357,[357] Liu et al. (2018) - Linking employee boundary spanning behavior to task performance.pdf,PENDING,0,
358,BSMA0358,[358] Liu and Li (2014) - A Longitudinal Study on the Impact Mechanism of Employees' BSB.pdf,PENDING,0,
359,BSMA0359,[359] Liu et al. (2013) - External learning activities and employee creativity in Chinese R&D teams.pdf,PENDING,0,
360,BSMA0360,[360] Javadi Khasraghi et al. (2023) - Submitting tentative solutions for platform feedback.pdf,PENDING,0,
361,BSMA0361,[361] Liu et al. (2026) - Investigating the lurking mechanism of SNS users a comprehensive examination.pdf,PENDING,0,
362,BSMA0362,[362] Liu et al. (2011) - Determining inventor status and its effect on knowledge diffusion.pdf,PENDING,0,
363,BSMA0363,[363] Liu and Zhang (2022) - Making things happen How employees’ paradox mindset influences innovative.pdf,PENDING,0,
364,BSMA0364,[364] Liu et al. (2017) - A diagnostic model of private control and collective control in buyer-supplier relationships.pdf,PENDING,0,
365,BSMA0365,"[365] Liu et al. (2024) - CEO entrepreneurial orientation, human resource manage.pdf",PENDING,0,
366,BSMA0366,[366] Liu et al. (2023) - How does CEO curiosity affect firm innovation.pdf,PENDING,0,
367,BSMA0367,[367] Lo (2004) - Trust-based collaboration for suppliers and employees in an Internet-based world.pdf,PENDING,0,
368,BSMA0368,[368] Lomi et al. (2014) - The Focused Organization of Advice Relations A Study in Boundary Crossing.pdf,PENDING,0,
369,BSMA0369,[369] Long et al. (2023) - Entrepreneurial organizing activities and nascent venture performance.pdf,PENDING,0,
370,BSMA0370,[370] Long and Buzzanell (2022) - Constituting Intersectional Politics of Reinscription Women Entrepreneurs.pdf,PENDING,0,
371,BSMA0371,[371] Loon Hoe (2006) - The boundary spanner's role in organizational learning unleashing untapped potential.pdf,PENDING,0,
372,BSMA0372,[372] Lorenzoni & Lipparini (1999) - THE LEVERAGING OF INTERFIRM RELATIONSHIPS.pdf,PENDING,0,
373,BSMA0373,[373] Louis (2008) - Learning to Support Improvement—Next Steps for Research on District Practice.pdf,PENDING,0,
374,BSMA0374,[374] Lu et al. (2023) - Is corporate greening beneficial Exploring the relationship between perceived corporate.pdf,PENDING,0,
375,BSMA0375,[375] Lücke et al. (2018) - Desilencing Complexities Addressing Categorization in Cross-Cultural Management.pdf,PENDING,0,
376,BSMA0376,[376] Lund (2019) - Leading knowledge-workers through situated ambiguity.pdf,PENDING,0,
377,BSMA0377,[377] Lunkka et al. (2022) - Professional boundaries in action Using reflective spaces for boundary work.pdf,PENDING,0,
378,BSMA0378,[378] Luo (2001) - Antecedents and Consequences of Personal Attachment in Cross-Cultural Cooperative Ventures.pdf,PENDING,0,
379,BSMA0379,[379] Luo (2005) - How Important are Shared Perceptions of Procedural Justice in Cooperative Alliances.pdf,PENDING,0,
380,BSMA0380,"[380] Luo (2007) - The Independent and Interactive Roles of Procedural, Distributive, and Interactional Justice in Stra.pdf",PENDING,0,
381,BSMA0381,[381] Luo (2008) - Procedural fairness and interfirm cooperation in strategic alliances.pdf,PENDING,0,
382,BSMA0382,[382] Luu (2024) - Fostering public sector employees’ citizen-oriented boundary-spanning behaviors.pdf,PENDING,0,
383,BSMA0383,[383] Lysonski (1985) - A Boundary Theory Investigation of the Product Manager's Role.pdf,PENDING,0,
384,BSMA0384,[384] Lysonski et al. (1988) - COPING WITH ENVIRONMENTAL UNCERTAINTY AND BOUNDARY SPANNING.pdf,PENDING,0,
385,BSMA0385,[385] Padgett (2019) - U.S. and Indian Managerial Boundary Spanning Behaviors in Globally Distributed Software Teams.pdf,PENDING,0,
386,BSMA0386,[386] Geletkanycz (1994) - The external networks of senior executives.pdf,PENDING,0,
387,BSMA0387,[387] Ma et al. (2024) - How AI use in organizations contributes to employee competitive advantage.pdf,PENDING,0,
388,BSMA0388,[388] MacCrory et al. (2016) - Research Note—Designing Promotion Ladders to Mitigate Turnover of IT Professionals.pdf,PENDING,0,
389,BSMA0389,[389] Madden (2015) - The Collaboration Blueprint.pdf,PENDING,0,
390,BSMA0390,[390] Mäkelä et al. (2019) - Potential and recognized boundary spanners in multinational corporations.pdf,PENDING,0,
391,BSMA0391,[391] Malhotra et al. (2007) - Leveraging Standard Electronic Business Interfaces to Enable Adaptive Supply Chain.pdf,PENDING,0,
392,BSMA0392,[392] Manev and Stevenson (2001) - Balancing Ties Boundary Spanning and Influence in the Organization's Extended.pdf,PENDING,0,
393,BSMA0393,[393] Marcelle (2003) - Reconsidering technology transfer.pdf,PENDING,0,
394,BSMA0394,[394] Bennet (1989) - Personnelhuman resource departments and uncertainty.pdf,PENDING,0,
395,BSMA0395,[395] Stock et al. (2016) - How Do Strategy and Leadership Styles Jointly Affect Co-development and Its Innovation Outcomes.pdf,PENDING,0,
396,BSMA0396,[396] Marks et al. (2005) - Teamwork in Multiteam Systems..pdf,PENDING,0,
397,BSMA0397,[397] Marrone (2010) - Team Boundary Spanning A Multilevel Review of Past Research and Proposals for the Future.pdf,PENDING,0,
398,BSMA0398,[398] Marrone et al. (2022) - Can Supportive Coaching Behaviors Facilitate Boundary Spanning and Raise Job.pdf,PENDING,0,
399,BSMA0399,[399] Marrone et al. (2007) - A Multilevel Investigation of Antecedents and Consequences of Team Member BSB.pdf,PENDING,0,
400,BSMA0400,[400] Martin and Wilson (2024) - Boundary Work and Strategies of Compliance The Underlife of the Ivory Tower.pdf,PENDING,0,
401,BSMA0401,[401] Martinsuo and Anttila (2022) - Practices of strategic alignment in and between innovation project portfolios.pdf,PENDING,0,
402,BSMA0402,[402] Maruping (2006) -Essays on agility in software development teams Process and governance perspectives.pdf,PENDING,0,
403,BSMA0403,[403] Mattingly (2007) - How to become your own worst adversary examining the connection.pdf,PENDING,0,
404,BSMA0404,[404] Mayo et al. (2025) - Coordination in Dynamic Teams Investigating a Learning–Productivity Trade-Off.pdf,PENDING,0,
405,BSMA0405,[405] Mazzoni and Sedita (2025) - Unpacking the drivers of the socio-environmental sustainability of new ventures.pdf,PENDING,0,
406,BSMA0406,[406] McAmis et al. (2015) - Salesperson directive modification intention a conceptualization and empirical validation.pdf,PENDING,0,
407,BSMA0407,[407] McBeath et al. (2019) - Service Coordination by Public Sector Managers in a Human Service.pdf,PENDING,0,
408,BSMA0408,[408] McDermott et al. (2023) - To be or not to be The identity work of pharmacists as clinicians.pdf,PENDING,0,
409,BSMA0409,[409] McEvoy et al. (2011) - Case management for high‐intensity service users towards a relational approach.pdf,PENDING,0,
410,BSMA0410,"[410] McMillan (2011) - What happens when the university meets the community Service learning, boundary work.pdf",PENDING,0,
411,BSMA0411,"[411] Mehra and Schenkel (2008) - The Price Chameleons Pay Self‐monitoring, Boundary Spanning.pdf",PENDING,0,
412,BSMA0412,"[412] Meisandi Arya et al. (2023) - Pengaruh Emotional Dissonance, Emotional Intelligence, and Emotional Exhaustion.pdf",PENDING,0,
413,BSMA0413,[413] Mell et al. (2022) - From Boundary Spanning to Intergroup Knowledge Integration The Role of Boundary Spanners.pdf,PENDING,0,
414,BSMA0414,[414] Mell et al. (2022) - Protecting their turf When and why supervisors undermine employee boundary spanning..pdf,PENDING,0,
415,BSMA0415,[415] Meng (2016) - Collaboration patterns and patenting Exploring gender distinctions.pdf,PENDING,0,
416,BSMA0416,[416] Methot and LePine (2016) - Too Close for Comfort Investigating the Nature and Functioning.pdf,PENDING,0,
417,BSMA0417,[417] Meyer et al. (2011) - Front-line managers as boundary spanners effects of span and time.pdf,PENDING,0,
418,BSMA0418,[418] Hendron (2008) - Structural & social integration.pdf,PENDING,0,
419,BSMA0419,[419] At-Twaijri & R. Montanari (1987) - The Impact of Context and Choice on the Boundary-Spanning Process.pdf,PENDING,0,
420,BSMA0420,[420] Minibas-Poussard et al. (2025) - Workplace Bullying and Turnover Intention Among Boundary-Spanning Bank.pdf,PENDING,0,
421,BSMA0421,[421] Mishra and Shah (2009) - In union lies strength Collaborative competence in new product development.pdf,PENDING,0,
422,BSMA0422,[422] Mizrahi-Shtelman and Sapir (2025) - Navigating boundaries the evolution of homeroom teachers’ profession.pdf,PENDING,0,
423,BSMA0423,[423] Jayaram (1998) - The impact of supply chain integration mechanisms on success in new product development projects.pdf,PENDING,0,
424,BSMA0424,[424] Tushman (1977) - Special Boundary Roles in the Innovation Process.pdf,PENDING,0,
425,BSMA0425,[425] Moake et al. (2023) - Mentoring and Career Success An Examination of Management Aspirations.pdf,PENDING,0,
426,BSMA0426,"[426] Moenaert (1994) - R&D-Marketing Integration Mechanisms, Communication Flows,.pdf",PENDING,0,
427,BSMA0427,[427] Moosavi et al. (2025) - Metabolic thinking in planning and designing urban landscapes practitioners.pdf,PENDING,0,
428,BSMA0428,"[428] Morash et al. (1997) - Boundary-spanning interfaces between logistics, production, marketing.pdf",PENDING,0,
429,BSMA0429,[429] Moreo et al. (2019) - How emotional displays and service quality impact satisfaction and loyalty.pdf,PENDING,0,
430,BSMA0430,[430] Morgan and Piercy (1998) - Interactions between Marketing and Quality at the SBU Level.pdf,PENDING,0,
431,BSMA0431,"[431] Munari et al. (2025) - Across disciplines, to make an impact. The technological impact.pdf",PENDING,0,
432,BSMA0432,[432] Murase et al. (2014) - Mind the gap The role of leadership in multiteam system collective cognition.pdf,PENDING,0,
433,BSMA0433,[433] Muthusamy and White (2005) - Learning and Knowledge Transfer in Strategic Alliances A Social Exchange View.pdf,PENDING,0,
434,BSMA0434,[434] Bennet (1989) - Personnel human resource departments and uncertainty.pdf,PENDING,0,
435,BSMA0435,[435] Nasim and Iqbal (2019) - Linking relationship quality and resourcefulness to group performance.pdf,PENDING,0,
436,BSMA0436,[436] Neirotti et al. (2017) - Flexible work practices and the firm’s need for external orientation.pdf,PENDING,0,
437,BSMA0437,[437] Newell et al. (1998) - A cross-national comparison of the adoption of business process.pdf,PENDING,0,
438,BSMA0438,[438] Ngondo and Klyueva (2020) - Exploratory Study of Public Relations Roles in Zimbabwe.pdf,PENDING,0,
439,BSMA0439,[439] Floyd (2020) - Education & Exclusion The Boundary Work of American Journalism’s 20th Century Higher Education Alliance.pdf,PENDING,0,
440,BSMA0440,[440] Nuruzzaman et al. (2019) - A microfoundations approach to studying innovation in multinational subsidiaries.pdf,PENDING,0,
441,BSMA0441,[441] Nygaard and Dahlstrom (2002) - Role Stress and Effectiveness in Horizontal Alliances.pdf,PENDING,0,
442,BSMA0442,[442] Petricevic (2013) - ARCHITECTURE OF FIRM DYNAMIC CAPABILITIES ACROSS INTERORGANIZATIONAL.pdf,PENDING,0,
443,BSMA0443,[443] Ojha et al. (2023) - Social exchange in buyer-supplier relationships and innovation speed.pdf,PENDING,0,
444,BSMA0444,"[444] Oke and Onwuegbuzie (2013) - Outsourcing, subcontracting-in and radical innovativeness.pdf",PENDING,0,
445,BSMA0445,[445] Olorunsola et al. (2022) - Service beyond the status quo the ripple effect of corporate social responsibility.pdf,PENDING,0,
446,BSMA0446,[446] Onishi (2016) - Measuring nurse managers' boundary spanning development and psychometric evaluation.pdf,PENDING,0,
447,BSMA0447,[447] Onyemah et al. (2010) - How HRM control affects boundary-spanning employees' behavioural strategies.pdf,PENDING,0,
448,BSMA0448,[448] Packell (2013) - Testing the role of boundary management tactics within the work-nonwork interface.pdf,PENDING,0,
449,BSMA0449,[449] Pappas and Flaherty (2008) - The effect of trust on customer contact personnel strategic behavior and sales.pdf,PENDING,0,
450,BSMA0450,[450] Pappas and Wooldridge (2007) - Middle Managers' Divergent Strategic Activity.pdf,PENDING,0,
451,BSMA0451,[451] Park and Kim (2003) - A framework of dynamic CRM linking marketing with information strategy.pdf,PENDING,0,
452,BSMA0452,[452] Pattinson and Dawson (2024) - The Ties that Bind How Boundary Spanners Create Value in Science‐Based SMEs.pdf,PENDING,0,
453,BSMA0453,"[453] Pavez et al. (2022) - Collaborating Across Organizational Boundaries to Co-Create a More Just, Resilient.pdf",PENDING,0,
454,BSMA0454,[454] Pedersen et al. (2019) - Globally networked Intraorganizational boundary spanning in the global organization.pdf,PENDING,0,
455,BSMA0455,[455] Perreault et al. (2024) - “Everything Else is Public Relations” How Rural Journalists Draw the Boundary.pdf,PENDING,0,
456,BSMA0456,[456] Perrone et al. (2003) - Free to Be Trusted Organizational Constraints on Trust in Boundary Spanners.pdf,PENDING,0,
457,BSMA0457,[457] Pham et al. (2024) - The influences of boundary spanning capabilities and long–term orientation.pdf,PENDING,0,
458,BSMA0458,[458] Piotrowski (2023) - Landscaping Wellness at Work.pdf,PENDING,0,
459,BSMA0459,[459] Robertson (1995) - Involvement in Boundary-Spanning Activity Mitigating the Relationship.pdf,PENDING,0,
460,BSMA0460,[460] Robertson (1989) - The relationship between work setting and behavior and the moderating effects of boundary spanning activity.pdf,PENDING,0,
461,BSMA0461,[461] Powell et al. (1996) - Iriterorganizational Collaboration and the Locus of Innovation.pdf,PENDING,0,
462,BSMA0462,[462] Pramanik (2021) - Resource mobilization and contributing resources to a collective task.pdf,PENDING,0,
463,BSMA0463,[463] Pulles and Hartman (2017) - Likeability and its effect on outcomes of interpersonal interaction.pdf,PENDING,0,
464,BSMA0464,[464] Purcell and Smith (2023) - Disciplinary Expertise and Faculty Credentialing in Leadership Studies.pdf,PENDING,0,
465,BSMA0465,[465] Qiu (2012) - Managing boundary-spanning marketing activities for supply-chain efficiency.pdf,PENDING,0,
466,BSMA0466,[466] Qu and Liu (2021) - How Can Creative Ideas Be ImplementedThe Roles of Leader Performance.pdf,PENDING,0,
467,BSMA0467,[467] Qu et al. (2022) - Now or never Organizational forgetting as a determinant of knowledge sharing.pdf,PENDING,0,
468,BSMA0468,[468] Quickel (2018) - Work-Life Boundary Management Strategy and its Relationship to Telecommuting and Job Attraction.pdf,PENDING,0,
469,BSMA0469,[469] Bonaccorsi (2021) - Breakthrough Teams & Innovation in Orbit Entrepreneurial Group Initiatives in Established Organizations.pdf,PENDING,0,
470,BSMA0470,[470] Katz (1982) - The Effects of Group Longevity on Project Communication and Performance.pdf,PENDING,0,
471,BSMA0471,[471] R. Morgan et al. (2014) - Marketing culture to service climate the influence of employee control and flexibility.pdf,PENDING,0,
472,BSMA0472,[472] Rajeswari and Anantharaman (2005) - Role of Human-Computer Interaction Factors.pdf,PENDING,0,
473,BSMA0473,[473] Ramarajan et al. (2011) - From the outside in The negative spillover effects of boundary spanners' relations.pdf,PENDING,0,
474,BSMA0474,"[474] C. Dailey (1979) - Group, Task, and Personality Correlates of Boundary-Spanning Activities.pdf",PENDING,0,
475,BSMA0475,[475] Schwab et al. (1985) - Redefining the Boundary Spanning-Environment Relationship.pdf,PENDING,0,
476,BSMA0476,[476] Reiche (2011) - Knowledge transfer in multinationals The role of inpatriates' boundary spanning.pdf,PENDING,0,
477,BSMA0477,[477] Miles (1976) - Role Requirements as Sources of Organizational Stress.pdf,PENDING,0,
478,BSMA0478,"[478] Richter et al. (2006) - Boundary Spanners' Identification, Intergroup Contact, and Effective Intergroup Relations.pdf",PENDING,0,
479,BSMA0479,"[479] Rickards et al. (2001) - Development of a Self‐Report Instrument for Exploring Team Factor, Leadership.pdf",PENDING,0,
480,BSMA0480,[480] Ridenour (2020) - Examining the Notion of the Boundary Object in Information Systems The Transdisciplinary Oeuvre of Cognitive Science.PDF,PENDING,0,
481,BSMA0481,[481] Rigg and O'Mahony (2013) - Frustrations in Collaborative Working Insights from institutional theory.pdf,PENDING,0,
482,BSMA0482,"[482] Rigopoulou et al. (2012) - Information control, role perceptions, and work outcomes of boundary-spanning.pdf",PENDING,0,
483,BSMA0483,[483] Trent (1996) - Understanding and evaluating cross-functional sourcing team leadership.pdf,PENDING,0,
484,BSMA0484,"[484] Bregman (1995) - Intergrating Marketing, Operations, and Purchasing to Create Value.pdf",PENDING,0,
485,BSMA0485,[485] Gilson (2001) - Bridging the gap between individual innovativeness and group innovation An investigation of the innovation process in work groups.PDF,PENDING,0,
486,BSMA0486,[486] Gunawan & Widodo (2023) - How Boundary-Spanning Leadership Affects Employees’ Contextual Performance.pdf,PENDING,0,
487,BSMA0487,[487] Roach (2011) - The impact of product management on SME performance Evidence from Canadian firms.pdf,PENDING,0,
488,BSMA0488,[488] Roach (2011) - The impact of product management on SME firm performance.pdf,PENDING,0,
489,BSMA0489,[489] Judy (1984) - INTERORGANIZATIONAL LINKING MECHANISMS--HEALTH SYSTEMS AGENCIES AS A CASE IN POINT (BOUNDARY SPANNING).pdf,PENDING,0,
490,BSMA0490,[490] Rodriguez and Wang (2017) - An Empirical Study of Open Source Virtual Reality Software Projects.pdf,PENDING,0,
491,BSMA0491,[491] Rodriguez-Escudero et al. (2025) - Examining the role of team boundary buffering as a proactive.pdf,PENDING,0,
492,BSMA0492,[492] Rodríguez-López (2025) - The sociology of healthcare professions.pdf,PENDING,0,
493,BSMA0493,[493] Rofcanin and Anand (2020) - Human Relations virtual special issue Flexible Work Practices and Work-Family.pdf,PENDING,0,
494,BSMA0494,[494] Rogers (2019) - Project Success and Project Team Individuals.pdf,PENDING,0,
495,BSMA0495,[495] Rojas et al. (2023) - Standardization can be good for exploration a social capital view of the productivity.pdf,PENDING,0,
496,BSMA0496,"[496] Rosenkopf and Nerkar (2001) - Beyond local search boundary‐spanning, exploration, and impact.pdf",PENDING,0,
497,BSMA0497,"[497] Rothbard et al. (2022) - OMG! My Boss Just Friended Me How Evaluations of Colleagues’ Disclosure, Gender.pdf",PENDING,0,
498,BSMA0498,[498] Keller (2001) - Cross-functional project groups in research and new product developmen.pdf,PENDING,0,
499,BSMA0499,[499] Keller et al. (1976) - BOUNDARY-SPANNING ACTIVITY AND EMPLOYEE REACTIONS AN EMPIRICAL STUDY.pdf,PENDING,0,
500,BSMA0500,[500] Keller & Holland (1981) - Job Change - A Naturally Occurring Field Experiment.pdf,PENDING,0,
501,BSMA0501,[501] Xue & Woo (2025) - A Longitudinal Analysis of Boundary-Spanning Leadership and Absorptive Capacity as.pdf,PENDING,0,
502,BSMA0502,[502] Russ et al. (1998) - POWER AND INFLUENCE OF THE HUMAN RESOURCES FUNCTION.pdf,PENDING,0,
503,BSMA0503,[503] Russo and Vurro (2010) - Cross‐boundary ambidexterity Balancing exploration and exploitation.pdf,PENDING,0,
504,BSMA0504,[504] Ryan and O’Malley (2016) - The role of the boundary spanner in bringing about innovation.pdf,PENDING,0,
505,BSMA0505,[505] Ang & Slaughter (2004) - Turnover  of Information Technology Professionals.pdf,PENDING,0,
506,BSMA0506,"[506] Lysonski & Woodside (1989) - Boundary Role Spanning Behavior, Conflicts and Performance of Industrial.pdf",PENDING,0,
507,BSMA0507,[507] Saeed et al. (2005) - Examining the Impact of Interorganizational Systems on Process Efficiency.pdf,PENDING,0,
508,BSMA0508,[508] Saeed et al. (2025) - Understanding career-meaningfulness and work centrality to serve customers.pdf,PENDING,0,
509,BSMA0509,[509] Salem et al. (2018) - How field office leaders drive learning and creativity in humanitarian aid.pdf,PENDING,0,
510,BSMA0510,[510] Santa et al. (2011) - The role of cross-functional teams on the alignment between tehcnology innovation.pdf,PENDING,0,
511,BSMA0511,[511] Satheesh et al. (2024) - Enabling boundary spanners in public–private collaboration.pdf,PENDING,0,
512,BSMA0512,[512] Satheesh et al. (2023) - The Impact of Boundary Spanning by Public Managers on Collaboration.pdf,PENDING,0,
513,BSMA0513,[513] Sawyer et al. (2010) - Social interactions of information systems development teams a performance perspective.pdf,PENDING,0,
514,BSMA0514,[514] Saxe Zerden et al. (2019) - Social workers in integrated health care Improving care throughout the life course.pdf,PENDING,0,
515,BSMA0515,[515] Malone (1986) - STRATEGIC FLEXIBILITY AND FIRM PERFORMANCE IN A CYCLICAL INDUSTRY.pdf,PENDING,0,
516,BSMA0516,[516] Schierjott et al. (2018) - Entrepreneurial Attitudes as Drivers of Managers’ Boundary-Spanning Knowledge Ties.pdf,PENDING,0,
517,BSMA0517,[517] Schildt and Laamanen (2006) - Who buys whom information environments and organizational boundary spanning.pdf,PENDING,0,
518,BSMA0518,"[518] Scholz et al. (2008) - Do Networks Solve Collective Action Problems Credibility, Search, and Collaboration.pdf",PENDING,0,
519,BSMA0519,[519] Schuster et al. (2019) - Knowledge sharing of inpatriates.pdf,PENDING,0,
520,BSMA0520,[520] Scott (2012) - Corporate marketing leaders the key attributes.pdf,PENDING,0,
521,BSMA0521,[521] Scott (1997) - Social identification effects in product and process development teams.pdf,PENDING,0,
522,BSMA0522,[522] Scuzzarello and Moroşanu (2023) - Integration and intersectionality boundaries and belonging.pdf,PENDING,0,
523,BSMA0523,[523] Selzer et al. (2021) - Effective coping strategies for stressed frontline employees in service occupations.pdf,PENDING,0,
524,BSMA0524,[524] Séror (1989) - A study of individual boundary-spanning communication patterns in a research.pdf,PENDING,0,
525,BSMA0525,"[525] Sethi et al. (2001) - Cross-Functional Product Development Teams, Creativity, and the Innovativeness.pdf",PENDING,0,
526,BSMA0526,[526] Setiadi and Widodo (2024) - Unveiling the effect of proactive work behavior on task performance.pdf,PENDING,0,
527,BSMA0527,[527] Shao et al. (2012) - Mapping Collaboration in Open Source Geospatial Ecosystem.pdf,PENDING,0,
528,BSMA0528,[528] Chen et al. (2024) - How boundary-spanning search brings about innovation performance.pdf,PENDING,0,
529,BSMA0529,[529] Shi et al. (2023) - Value co-creation for digital innovation An interorganizational boundary-spanning perspective.pdf,PENDING,0,
530,BSMA0530,"[530] Shin and Jalajas (2010) - Technological relatedness, boundary-spanning combination of knowledge.pdf",PENDING,0,
531,BSMA0531,[531] Shipilov et al. (2017) - Which boundaries How mobility networks across countries and status.pdf,PENDING,0,
532,BSMA0532,[532] Sicotte and Langley (2000) - Integration mechanisms and R & D project performance.pdf,PENDING,0,
533,BSMA0533,"[533] Smieth & Cincera (2016) - Corporate Science, Innovation, and Firm Value.pdf",PENDING,0,
534,BSMA0534,[534] Simon (2006) - Managing creative projects An empirical synthesis of activities.pdf,PENDING,0,
535,BSMA0535,[535] Skowronski and Benton (2018) - The Influence of Intellectual Property Rights on Poaching.pdf,PENDING,0,
536,BSMA0536,[536] Sleep et al. (2015) - Walking a tightrope the joint impact of customer and within-firm boundary spanning.pdf,PENDING,0,
537,BSMA0537,[537] Keaveney (1988) - The effects of intrinsic and extrinsic motivational orientations in a boundary spanning model of retail buyers.PDF,PENDING,0,
538,BSMA0538,"[538] Smit et al. (2016) - Out of sight, out of mind How and when cognitive role transition episodes influence.pdf",PENDING,0,
539,BSMA0539,[539] Snehvrat et al. (2022) - Ambidexterity and absorptive capacity in boundary-spanning managers.pdf,PENDING,0,
540,BSMA0540,[540] Sohn and Harvey (2025) - Team-Supervisor Time Pressure (In)congruence and Team Creativity.pdf,PENDING,0,
541,BSMA0541,[541] Solomon (1986) - Private and Public Sector Managers.pdf,PENDING,0,
542,BSMA0542,[542] Somech & Khalaili (2014) - Team Boundary Activity.pdf,PENDING,0,
543,BSMA0543,[543] Son et al. (2019) - Small and Medium‐Sized Enterprises' Collaborative Buyer–Supplier Relationships.pdf,PENDING,0,
544,BSMA0544,"[544] Song and Sun (2018) - Exploring effective work unit knowledge management (KM) roles of network, task.pdf",PENDING,0,
545,BSMA0545,[545] Spekman (1979) - Influence and Information.pdf,PENDING,0,
546,BSMA0546,[546] Spencer (2023) - Collaborative Action in Informal Social Networks of Wildfire Managers in Northwestern Wyoming.pdf,PENDING,0,
547,BSMA0547,"[547] Srivastava and Tang (2018) - Coping intelligence theory coping strategies, satisfaction and sales commission.pdf",PENDING,0,
548,BSMA0548,[548] Srivastava and Tang (2015) - Coping Intelligence Coping Strategies and Organizational Commitment.pdf,PENDING,0,
549,BSMA0549,[549] Stan et al. (2021) - Salesperson socialization to the consumption of organizationally provided support.pdf,PENDING,0,
550,BSMA0550,[550] Standifer et al. (2010) - The Influence of Spirituality on Buyer Perception.pdf,PENDING,0,
551,BSMA0551,"[551] Stephenson Jr. and Schnitzer (2006) - Interorganizational trust, boundary spanning, and humanitarian.pdf",PENDING,0,
552,BSMA0552,[552] Stjerne et al. (2019) - Crossing times Temporal boundary-spanning practices in interorganizational projects.pdf,PENDING,0,
553,BSMA0553,[553] Stock et al. (2022) - Corporate social responsibility as a driver of digital innovation in SMEs.pdf,PENDING,0,
554,BSMA0554,[554] Stock (2006) - Interorganizational Teams as Boundary Spanners Between Supplier and Customer Companies.pdf,PENDING,0,
555,BSMA0555,[555] Su and Vanhaverbeke (2019) - How do different types of interorganizational ties matter in technological exploration.pdf,PENDING,0,
556,BSMA0556,[556] Hobbs et al. (2015) - The psychology and management of project teams an interdisciplinary perspective.pdf,PENDING,0,
557,BSMA0557,[557] Sun et al. (2026) - Cross-Boundary Tensions Between the Project Owner and Project Manager in Value Creation.pdf,PENDING,0,
558,BSMA0558,[558] Downs (2023) - Exploring Cultural Boundary Spanning Functions.pdf,PENDING,0,
559,BSMA0559,[559] Kiyomiya (2000) - Communication in Japanese multinational organizations in the United States.pdf,PENDING,0,
560,BSMA0560,[560] Young-Hyman (2016) - How Power Shapes Knowledge-Intensive Work Worker Ownership and Governance in the U.S. Automation Industry.pdf,PENDING,0,
561,BSMA0561,[561] Tahmooresnejad and Turkina (2026) - Gender-related aspects of invention networks A firm-level analysis.pdf,PENDING,0,
562,BSMA0562,"[562] Tang et al. (2024) - The Influence of Strategic Prospectivity, Absorptive Capacity, and Boundary-Spanning.pdf",PENDING,0,
563,BSMA0563,[563] Tasselli and Caimo (2019) - Does it take three to dance the Tango Organizational design.pdf,PENDING,0,
564,BSMA0564,[564] Tasselli et al. (2020) - Bridging Cultural Holes in Organizations The Dynamic Structure of Social Networks.pdf,PENDING,0,
565,BSMA0565,[565] Teller and Alexander (2014) - Store managers – the seismographs in shopping centres.pdf,PENDING,0,
566,BSMA0566,[566] Taylor Coates (2004) - The development of core competence through emerging technology innovation.pdf,PENDING,0,
567,BSMA0567,[567] Thomas (2015) - Union commitment and organizational commitment as concurrent attitudes.pdf,PENDING,0,
568,BSMA0568,[568] Thompson et al. (2015) - Applicant attraction to flexible work arrangements Separating the influence.pdf,PENDING,0,
569,BSMA0569,[569] Weick (2013) - Using Boundary Management for More Effective Product Development.pdf,PENDING,0,
570,BSMA0570,[570] Tippmann et al. (2017) - Boundary Capabilities in MNCs Knowledge Transformation.pdf,PENDING,0,
571,BSMA0571,[571] Bilitski (1995) - An investigation of factors associated with customer-oriented selling performance and effectiveness.pdf,PENDING,0,
572,BSMA0572,[572] Todorova (2019) - Building and Managing Great Teams An Evidence-Based Approach.pdf,PENDING,0,
573,BSMA0573,[573] Tortoriello and Krackhardt (2010) - Activating Cross-Boundary Knowledge The Role of Simmelian Ties.pdf,PENDING,0,
574,BSMA0574,"[574] Tortoriello et al. (2012) - Bridging the Knowledge Gap The Influence of Strong Ties, Network Cohesion.pdf",PENDING,0,
575,BSMA0575,[575] Tushman (1979) - Impacts of Perceived Environmental Variability on Patterns of Work Related Communication.pdf,PENDING,0,
576,BSMA0576,[576] Tushman and Katz (1980) - External Coinmunication and Project Performance.pdf,PENDING,0,
577,BSMA0577,[577] Tushman and Scanlan (1981) - Boundary Spanning Individuals.pdf,PENDING,0,
578,BSMA0578,[578] Tushman and Scanlan (1981) - Characteristics and External Orientations of Boundary Spanning Individuals.pdf,PENDING,0,
579,BSMA0579,[579] Shao et al. (2024) - The effect of boundary-spanning search and cognitive style on the business model design.pdf,PENDING,0,
580,BSMA0580,[580] Usman et al. (2024) - Servant Leadership as a Catalyst for Middle Managers’ Learning Ambidexterity.pdf,PENDING,0,
581,BSMA0581,[581] Vahter et al. (2014) - Openness and Innovation Performance Are Small Firms Different.pdf,PENDING,0,
582,BSMA0582,[582] Valentine et al. (2015) - Rogues in the ranks of selling organizations using corporate ethics to manage.pdf,PENDING,0,
583,BSMA0583,[583] Van Broekhoven and Van Buuren (2020) - Climate adaptation on the crossroads of multiple boundaries.pdf,PENDING,0,
584,BSMA0584,[584] Van Der Stoep et al. (2020) - The empowering potential of intergroup leadership.pdf,PENDING,0,
585,BSMA0585,[585] Van Der Voet and Steijn (2021) - Team innovation through collaboration how visionary leadership.pdf,PENDING,0,
586,BSMA0586,"[586] Van Knippenberg et al. (2024) - Team informational resources, information elaboration, and team innovation.pdf",PENDING,0,
587,BSMA0587,[587] Van Meerkerk and Edelenbos (2014) - The effects of boundary spanners on trust and performance.pdf,PENDING,0,
588,BSMA0588,[588] Van Osch and Steinfield (2016) - Team Boundary Spanning Strategic Implications for the Implementation.pdf,PENDING,0,
589,BSMA0589,[589] Van Rossenberg et al. (2023) - Commitment Systems in Cross‐boundary Work.pdf,PENDING,0,
590,BSMA0590,[590] Van Woerkom and Croon (2009) - The relationships between team learning activities and team performance.pdf,PENDING,0,
591,BSMA0591,[591] Van Zoonen and Banghart (2018) - Talking Engagement Into Being A Three-Wave Panel Study.pdf,PENDING,0,
592,BSMA0592,[592] Velter et al. (2020) - Sustainable business model innovation The role of boundary work.pdf,PENDING,0,
593,BSMA0593,[593] Verbeke and Bagozzi (2002) - A situational analysis on how salespeople experience and cope with shame.pdf,PENDING,0,
594,BSMA0594,[594] Vijayasarathy (1994) - Consequences of interorganizational information systems.pdf,PENDING,0,
595,BSMA0595,[595] Wadei et al. (2021) - Unpacking the chain mediation process between transformational leadership and knowledge.pdf,PENDING,0,
596,BSMA0596,"[596] Wagner et al. (2025) - Customer‐Oriented Boundary Spanning, Functional Diversity, and Customer Adoption.pdf",PENDING,0,
597,BSMA0597,[597] Wagner and Van Knippenberg (2021) - The rise of the customer success function as catalyst for team innovation.pdf,PENDING,0,
598,BSMA0598,[598] Waizenegger et al. (2024) - Did you get my Email!—Leveraging boundary work tactics to safeguard connectivity.pdf,PENDING,0,
599,BSMA0599,[599] Wang and Zhang (2024) - How Does External Social Network Affect Business Model Innovation.pdf,PENDING,0,
600,BSMA0600,[600] Wang et al. (2018) - Boundary-Spanning in Social Movements Antecedents and Outcomes.pdf,PENDING,0,
601,BSMA0601,[601] Wang et al. (2014) - Can intrafirm IT skills benefit interfirm integration and performance.pdf,PENDING,0,
602,BSMA0602,"[602] Wang et al. (2019) - Role overload, knowledge acquisition and job satisfaction.pdf",PENDING,0,
603,BSMA0603,[603] Jiang et al. (2023) - From horizontal knowledge sharing to vertical knowledge transfer.pdf,PENDING,0,
604,BSMA0604,"[604] Wang and Fu (2024) - Unveiling connections between organizational dimensions, employee performance and BS.pdf",PENDING,0,
605,BSMA0605,[605] Wang et al. (2021) - Can “bad” stressors spark “good” behaviors in frontline employees Incorporating motivation.pdf,PENDING,0,
606,BSMA0606,[606] Wang et al. (2022) - Driving Hospitality Frontline Employees’ Boundary-spanning Behaviors A Social Exchange.pdf,PENDING,0,
607,BSMA0607,[607] Wang et al. (2020) - Boundary‐spanning search and firms' green innovation.pdf,PENDING,0,
608,BSMA0608,[608] Wang et al. (2023) - Can proactive boundary‐spanning search enhance green innovation.pdf,PENDING,0,
609,BSMA0609,[609] Wang et al. (2023) - Research on the impact of boundary-spanning search on the sustainable development.pdf,PENDING,0,
610,BSMA0610,[610] Wang et al. (2023) - Appropriating IT outsourcing for IT alignment An adaptive structuration theory perspective.pdf,PENDING,0,
611,BSMA0611,[611] Wang et al. (2022) - How leader humor stimulates subordinate boundary-spanning behavior.pdf,PENDING,0,
612,BSMA0612,[612] Wang et al. (2022) - Mitigating IT Professionals’ Turnover in Non-IT Organizations.pdf,PENDING,0,
613,BSMA0613,[613] Wang et al. (2019) - Recombine supplier-side search via innovation ambidexterity.pdf,PENDING,0,
614,BSMA0614,[614] Wang et al. (2024) - Fostering Employee Customer-Oriented Boundary Spanning Behaviors.pdf,PENDING,0,
615,BSMA0615,[615] Wang et al. (2022) - The impact of political ties on firm innovativeness Testing a mediation and moderation model.pdf,PENDING,0,
616,BSMA0616,[616] Weber (1995) - Influences Upon Organizational Ethical Subclimates A Multi-Departmental Analysis of a Single Firm.pdf,PENDING,0,
617,BSMA0617,[617] Weedman (1992) -  Informal and Formal Channels in Boundary-Spanning Communication.pdf,PENDING,0,
618,BSMA0618,[618] Wegemer and Renick (2021) - Boundary Spanning Roles and Power in Educational Partnerships.pdf,PENDING,0,
619,BSMA0619,[619] Widmann and Mulder (2018) - Team learning behaviours and innovative work behaviour in work teams.pdf,PENDING,0,
620,BSMA0620,[620] Widmann et al. (2019) - Team learning behaviours as predictors of innovative work behaviour – a longitudinal study.pdf,PENDING,0,
621,BSMA0621,[621] Williams (2016) - Being trusted How team generational age diversity promotes and undermines trust.pdf,PENDING,0,
622,BSMA0622,[622] Williams (2002) - The Competent Boundary Spanner.pdf,PENDING,0,
623,BSMA0623,"[623] Wilson and Ettlie (2018) - Boundary Spanning, Group Heterogeneity and Engineering Project Performance.pdf",PENDING,0,
624,BSMA0624,[624] Woisetschläger et al. (2016) - Why frontline employees engage as idea collectors An assessment of underlying.pdf,PENDING,0,
625,BSMA0625,[625] Wong (2004) - Distal and Local Group Learning Performance Trade-offs and Tensions.pdf,PENDING,0,
626,BSMA0626,[626] Wong (2008) - Task knowledge overlap and knowledge variety the role of advice network structures and impact.pdf,PENDING,0,
627,BSMA0627,[627] Wong and Boh (2014) - The Contingent Effects of Social Network Sparseness and Centrality.pdf,PENDING,0,
628,BSMA0628,[628] Wood et al. (2004) - The Genesis of Relationships Boundary Spanners' Appraisals of the Career Entry Transition.pdf,PENDING,0,
629,BSMA0629,[629] Wood and Tandon (1994) - Key Components in Product Management Success (and Failure).pdf,PENDING,0,
630,BSMA0630,[630] Wu (2010) - Evaluating the total effect of early supplier.pdf,PENDING,0,
631,BSMA0631,[631] Wu et al. (2025) - Sustainable Product Innovation Through Horizontal Coopetition The Role of Boundary‐Spanning.pdf,PENDING,0,
632,BSMA0632,[632] Wu et al. (2020) - Boundary buffering limiting interference and information leakage in design teams.pdf,PENDING,0,
633,BSMA0633,[633] Wukich et al. (2017) - The Formation of Transnational Knowledge Networks on Social Media.pdf,PENDING,0,
634,BSMA0634,"[634] Xi et al. (2025) - Informational faultlines, team boundary work, and idea implementation.pdf",PENDING,0,
635,BSMA0635,[635] Xie et al. (2023) - Is the door really open A contingent model of boundary spanning behavior and abusive.pdf,PENDING,0,
636,BSMA0636,[636] Xue (2009) - Modeling Customer Lifetime Value in Buyer-Seller Relationships.pdf,PENDING,0,
637,BSMA0637,"[637] Xue and Wang (2024) - Proactive boundary‐spanning search, organizational resilience, and radical green innovation.pdf",PENDING,0,
638,BSMA0638,[638] Yan et al. (2024) - Integrated construction consulting project performance improvement in China.pdf,PENDING,0,
639,BSMA0639,"[639] Yan et al. (2020) - Top management team boundary-spanning behaviour, bricolage, and business model innovation.pdf",PENDING,0,
640,BSMA0640,"[640] Yang et al. (2020) - Market orientation, strategic flexibility and business model innovation.pdf",PENDING,0,
641,BSMA0641,[641] Yang et al. (2021) - Too close to work together Identity conflicts induced by coworker friendships in cyberspace.pdf,PENDING,0,
642,BSMA0642,[642] Yang et al. (2024) - How performance pressure influences firms’ cross-boundary growth.pdf,PENDING,0,
643,BSMA0643,[643] Yang and Wang (2024) - Boundary-spanning search and breakthrough innovation.pdf,PENDING,0,
644,BSMA0644,[644] Yang et al. (2021) - Boundary-spanning search and sustainable competitive advantage.pdf,PENDING,0,
645,BSMA0645,[645] Yao et al. (2022) - The curvilinear relationship between team member boundary‐spanning differentiation.pdf,PENDING,0,
646,BSMA0646,"[646] Ye et al. (2022) - Green entrepreneurial orientation, boundary-spanning search and enterprise.pdf",PENDING,0,
647,BSMA0647,[647] Ye et al. (2026) - Synergizing causation and effectuation for innovation in Chinese new ventures.pdf,PENDING,0,
648,BSMA0648,[648] Yi and Amenuvor (2024) - Emotional intelligence and boundary‐spanning behavior.pdf,PENDING,0,
649,BSMA0649,[649] Yi et al. (2015) - Dynamic Capabilities and the Speed of Strategic Change Evidence From China.pdf,PENDING,0,
650,BSMA0650,[650] Yin (2017) - Research on the Influencing Factors and Promotion Measures of Knowledge Transfer.pdf,PENDING,0,
651,BSMA0651,[651] Yip et al. (2016) - Boundary Spanning Leadership Mission Critical Perspectives From the Executive Suite.pdf,PENDING,0,
652,BSMA0652,[652] Ylä-Kujala et al. (2018) - Finnish “state of mind” on inter-organizational integration.pdf,PENDING,0,
653,BSMA0653,[653] Yoo et al. (2009) - Strategic Choice and Performance in Late Movers Influence of the Top Management.pdf,PENDING,0,
654,BSMA0654,[654] Yoo (2013) - The influence of social undermining on the service employee's customer-oriented BS.pdf,PENDING,0,
655,BSMA0655,[655] Yoo et al. (2014) - Promoting boundary-spanning behavior among service personnel.pdf,PENDING,0,
656,BSMA0656,[656] Yoon et al. (2024) - Boundary Work and Transactive Memory Systems in Teams Moderating Effects.pdf,PENDING,0,
657,BSMA0657,[657] Young (2023) - When Leaders Use Self-Uncertainty Strategically.pdf,PENDING,0,
658,BSMA0658,[658] Yrle et al. (2001) - Business college administrators organizational networking activities.pdf,PENDING,0,
659,BSMA0659,[659] Yu et al. (2024) - RETRACTED ARTICLE Boundary-Spanning Knowledge Search and Absorptive Capacity.pdf,PENDING,0,
660,BSMA0660,[660] Yu et al. (2025) - Examining the impact of boundary-spanning knowledge search.pdf,PENDING,0,
661,BSMA0661,[661] Yuanyuan et al. (2022) - Do Visionary-Feedback Seeking CEOs Enhance Firm Sustainability.pdf,PENDING,0,
662,BSMA0662,[662] Yunus et al. (2014) - Conducive Business Environment Local Government Innovative Work Behavior.pdf,PENDING,0,
663,BSMA0663,"[663] Zahoor et al. (2025) - Green strategic intent, artificial intelligence capability and behavioral.pdf",PENDING,0,
664,BSMA0664,[664] Zappa and Robins (2016) - Organizational learning across multi-level networks.pdf,PENDING,0,
665,BSMA0665,"[665] Ze et al. (2018) - The Effects of Boundary-Spanning Search, Network Ties, and Absorptive Capacity.pdf",PENDING,0,
666,BSMA0666,[666] Zerjav (2015) - Design boundary dynamics in infrastructure projects.pdf,PENDING,0,
667,BSMA0667,[667] Zhai et al. (2018) - Measuring the diffusion of an innovation A citation analysis.pdf,PENDING,0,
668,BSMA0668,[668] Zhang et al. (2011) - The boundary spanning capabilities of purchasing agents in buyer–supplier trust.pdf,PENDING,0,
669,BSMA0669,[669] Zhang et al. (2015) - Leveraging boundary spanning capabilities to encourage supplier investment.pdf,PENDING,0,
670,BSMA0670,[670] Zhang and Welch (2022) - More than just managerial self-efficacy conceptualizing and predicting.pdf,PENDING,0,
671,BSMA0671,[671] Jiang and Zhang (2023) - Boundary spanning strategy and tacit knowledge recombination.pdf,PENDING,0,
672,BSMA0672,[672] Zhang et al. (2021) - The impact of empowerment-focused human resource management.pdf,PENDING,0,
673,BSMA0673,[673] Zhang et al. (2022) - The interactive effects of individual boundary spanning and boundary buffering.pdf,PENDING,0,
674,BSMA0674,[674] Zhang et al. (2026) - Concentration in cross‐border research collaborations and MNC.pdf,PENDING,0,
675,BSMA0675,[675] Zhang et al. (2022) - The impact of policy perception on technology transfer from boundary-spanning.pdf,PENDING,0,
676,BSMA0676,[676] Zhang (2019) - AN EXPLORATION OF KNOWLEDGE DIFFUSION.pdf,PENDING,0,
677,BSMA0677,[677] Zhang and Li (2021) - Can employee's boundary-spanning behavior exactly promote innovation performance.pdf,PENDING,0,
678,BSMA0678,[678] Zhang et al. (2017) - Boundary-spanning demand-side search and radical technological innovations.pdf,PENDING,0,
679,BSMA0679,[679] Zhang et al. (2025) - Team Makes You Better Evidence from Online Medical Consultation Platforms.pdf,PENDING,0,
680,BSMA0680,[680] Zhang et al. (2025) - Radical creativity examining supervisor-subordinate ties on social media.pdf,PENDING,0,
681,BSMA0681,[681] Zhang et al. (2019) - Conflict management for co‐ordination between shift teams in Shanghai subway stations.pdf,PENDING,0,
682,BSMA0682,[682] Zhang and Xie (2024) - How and when does boundary spanning behavior influence employees’ creative.pdf,PENDING,0,
683,BSMA0683,[683] Zhang and Li (2024) - How and when employees’ boundary-spanning improve.pdf,PENDING,0,
684,BSMA0684,[684] Zhao et al. (2024) - When and how employee boundary spanning behavior influences supervisor support.pdf,PENDING,0,
685,BSMA0685,[685] Liu et al. (2025) - Expatriates’ boundary-spanning double-edged effects in multinational enterprises.pdf,PENDING,0,
686,BSMA0686,[686] Zhao (2024) - Digital Transformation and Innovation Performance the Mediating Roles of Open Innovation.pdf,PENDING,0,
687,BSMA0687,[687] Zheng et al. (2014) - Job insecurity and job satisfaction The interactively moderating effects of optimism.pdf,PENDING,0,
688,BSMA0688,[688] Zheng and Ahmed (2024) - Humble leadership and employee creative performance in China.pdf,PENDING,0,
689,BSMA0689,[689] Zhong et al. (2023) - Managing the hearts of boundary spanners CEO organizational identification.pdf,PENDING,0,
690,BSMA0690,[690] Zhou and Liu (2025) - Resource-based faultlines and creativity employee boundary- spanning.pdf,PENDING,0,
691,BSMA0691,[691] Zhu et al. (2025) - How and when is boundary-spanning behaviour related to innovative behaviour role.pdf,PENDING,0,
692,BSMA0692,[692] Zhu et al. (2020) - The cross-level double-edged-sword effect of boundary-spanning behavior on creativity.pdf,PENDING,0,
693,BSMA0693,[693] Zhu et al. (2024) - Boundary-spanning search and business model innovation.pdf,PENDING,0,
694,BSMA0694,"[694] Zhu et al. (2023) - Transactive memory system, boundary-spanning search and business model innovation.pdf",PENDING,0,
695,BSMA0695,[695] Ziegert et al. (2022) - Addressing Performance Tensions in Multiteam Systems.pdf,PENDING,0,
696,BSMA0696,[696] Zimmer and Henry (2017) - The role of social capital in selecting interpersonal information sources.pdf,PENDING,0,
697,BSMA0697,[697] Zobel et al. (2024) - A Temporal Perspective on Boundary Spanning Engagement Dynamics.pdf,PENDING,0,
698,BSMA0698,[698] Zong et al. (2026) - Shifting Representations Understanding How CEO Cognitive Flexibility.pdf,PENDING,0,
699,BSMA0699,[699] Zott and Amit (2007) - Business Model Design and the Performance of Entrepreneurial Firms.pdf,PENDING,0,
700,BSMA0700,"[700] Zou and Ingram (2013) - Bonds and boundaries Network structure, organizational boundaries, and job performance.pdf",PENDING,0,
701,BSMA0701,[701] Cozier (2001) - AN EXTENSION OF SYSTEMS PUBLIC RELATIONS.pdf,PENDING,0,
